[{"model": "auth.user", "pk": 1, "fields": {"password": "pbkdf2_sha256$100000$FrPIfEi73KOE$zQioKzXE/2IW/obnOzXw4GZ2Prd/oxc8P80x7rBlIhE=", "last_login": "2018-07-29T22:14:29.674Z", "is_superuser": true, "username": "mdevaney", "first_name": "", "last_name": "", "email": "mbdevaney@gmail.com", "is_staff": true, "is_active": true, "date_joined": "2018-07-29T01:40:16.468Z", "groups": [], "user_permissions": []}}, {"model": "sessions.session", "pk": "t78yldaxtcueujpgk5htvipl1zd5gn9p", "fields": {"session_data": "YzFjMTM3M2ZmYjIxZDFkMjIyZmVlNTJjNTBlZjZmMTFmYmQyODY3MDp7Im51bV92aXNpdHMiOjV9", "expire_date": "2018-08-15T00:48:31.110Z"}}, {"model": "catalog.genre", "pk": 1, "fields": {"name": "Science Fiction"}}, {"model": "catalog.genre", "pk": 2, "fields": {"name": "Fantasy"}}, {"model": "catalog.genre", "pk": 3, "fields": {"name": "Biography"}}, {"model": "catalog.genre", "pk": 4, "fields": {"name": "Mystery"}}, {"model": "catalog.book", "pk": 1, "fields": {"title": "The Fellowship Of The Ring", "author": 2, "summary": "Sauron, the Dark Lord, has gathered to him all the Rings of Power \u2013 the means by which he intends to rule Middle-earth. All he lacks in his plans for dominion is the One Ring \u2013 the ring that rules them all \u2013 which has fallen into the hands of the hobbit, Bilbo Baggins.\r\n\r\nIn a sleepy village in the Shire, young Frodo Baggins finds himself faced with an immense task, as his elderly cousin Bilbo entrusts the Ring to his care. Frodo must leave his home and make a perilous journey across Middle-earth to the Cracks of Doom, there to destroy the Ring and foil the Dark Lord in his evil purpose.\r\n\r\nPart of a set of three paperbacks, this popular edition is once again available in its classic black livery designed by Tolkien himself.", "isbn": "978-026110235", "genre": [2]}}, {"model": "catalog.book", "pk": 2, "fields": {"title": "The Two Towers", "author": 2, "summary": "Frodo and the Companions of the Ring have been beset by danger during their quest to prevent the Ruling Ring from falling into the hands of the Dark Lord by destroying it in the Cracks of Doom. They have lost the wizard, Gandalf, in the battle with an evil spirit in the Mines of Moria; and at the Falls of Rauros, Boromir, seduced by the power of the Ring, tried to seize it by force. While Frodo and Sam made their escape the rest of the company were attacked by Orcs.\r\n\r\nNow they continue their journey alone down the great River Anduin \u2013 alone, that is, save for the mysterious creeping figure that follows wherever they go.", "isbn": "Product deta", "genre": [2]}}, {"model": "catalog.book", "pk": 3, "fields": {"title": "The Return Of The King", "author": 2, "summary": "The armies of the Dark Lord Sauron are massing as his evil shadow spreads even wider. Men, Dwarves, Elves and Ents unite forces to do battle against the Dark. Meanwhile, Frodo and Sam struggle further into Mordor, guided by the treacherous creature Gollum, in their heroic quest to destroy the One Ring\u2026\r\n\r\nJRR Tolkien\u2019s great work of imaginative fiction has been labelled both a heroic romance and a classic fantasy fiction. By turns comic and homely, epic and diabolic, the narrative moves through countless changes of scene and character in an imaginary world which is totally convincing in its detail. Tolkien created a vast new mythology in an invented world which has proved timeless in its appeal.", "isbn": "978-026110237", "genre": [2]}}, {"model": "catalog.book", "pk": 4, "fields": {"title": "A Game of Thrones: A Song of Ice and Fire: Book One", "author": 1, "summary": "Long ago, in a time forgotten, a preternatural event threw the seasons out of balance. In a land where summers can last decades and winters a lifetime, trouble is brewing. The cold is returning, and in the frozen wastes to the north of Winterfell, sinister forces are massing beyond the kingdom\u2019s protective Wall. To the south, the king\u2019s powers are failing\u2014his most trusted adviser dead under mysterious circumstances and his enemies emerging from the shadows of the throne. At the center of the conflict lie the Starks of Winterfell, a family as harsh and unyielding as the frozen land they were born to. Now Lord Eddard Stark is reluctantly summoned to serve as the king\u2019s new Hand, an appointment that threatens to sunder not only his family but the kingdom itself.", "isbn": "978-055357340", "genre": [2]}}, {"model": "catalog.book", "pk": 5, "fields": {"title": "A Clash of Kings: A Song of Ice and Fire: Book Two", "author": 1, "summary": "A comet the color of blood and flame cuts across the sky. And from the ancient citadel of Dragonstone to the forbidding shores of Winterfell, chaos reigns. Six factions struggle for control of a divided land and the Iron Throne of the Seven Kingdoms, preparing to stake their claims through tempest, turmoil, and war. It is a tale in which brother plots against brother and the dead rise to walk in the night. Here a princess masquerades as an orphan boy; a knight of the mind prepares a poison for a treacherous sorceress; and wild men descend from the Mountains of the Moon to ravage the countryside. Against a backdrop of incest and fratricide, alchemy and murder, victory may go to the men and women possessed of the coldest steel...and the coldest hearts. For when kings clash, the whole land trembles.", "isbn": "978-055357990", "genre": [2]}}, {"model": "catalog.book", "pk": 6, "fields": {"title": "A Storm of Swords: A Song of Ice and Fire: Book Three", "author": 1, "summary": "Of the five contenders for power, one is dead, another in disfavor, and still the wars rage as violently as ever, as alliances are made and broken. Joffrey, of House Lannister, sits on the Iron Throne, the uneasy ruler of the land of the Seven Kingdoms. His most bitter rival, Lord Stannis, stands defeated and disgraced, the victim of the jealous sorceress who holds him in her evil thrall. But young Robb, of House Stark, still rules the North from the fortress of Riverrun. Robb plots against his despised Lannister enemies, even as they hold his sister hostage at King\u2019s Landing, the seat of the Iron Throne. Meanwhile, making her way across a blood-drenched continent is the exiled queen, Daenerys, mistress of the only three dragons still left in the world. . .", "isbn": "978-055357342", "genre": [2]}}, {"model": "catalog.book", "pk": 7, "fields": {"title": "A Feast for Crows: A Song of Ice and Fire: Book Four", "author": 1, "summary": "It seems too good to be true. After centuries of bitter strife and fatal treachery, the seven powers dividing the land have decimated one another into an uneasy truce. Or so it appears. . . . With the death of the monstrous King Joffrey, Cersei is ruling as regent in King\u2019s Landing. Robb Stark\u2019s demise has broken the back of the Northern rebels, and his siblings are scattered throughout the kingdom like seeds on barren soil. Few legitimate claims to the once desperately sought Iron Throne still exist\u2014or they are held in hands too weak or too distant to wield them effectively. The war, which raged out of control for so long, has burned itself out.", "isbn": "978-055358202", "genre": [2]}}, {"model": "catalog.book", "pk": 8, "fields": {"title": "A Dance with Dragons: A Song of Ice and Fire: Book Five", "author": 1, "summary": "In the aftermath of a colossal battle, the future of the Seven Kingdoms hangs in the balance\u2014beset by newly emerging threats from every direction. In the east, Daenerys Targaryen, the last scion of House Targaryen, rules with her three dragons as queen of a city built on dust and death. But Daenerys has thousands of enemies, and many have set out to find her. As they gather, one young man embarks upon his own quest for the queen, with an entirely different goal in mind.\r\n\r\nFleeing from Westeros with a price on his head, Tyrion Lannister, too, is making his way to Daenerys. But his newest allies in this quest are not the rag-tag band they seem, and at their heart lies one who could undo Daenerys\u2019s claim to Westeros forever.", "isbn": "978-055358201", "genre": [2]}}, {"model": "catalog.book", "pk": 9, "fields": {"title": "Fahrenheit 451", "author": 4, "summary": "Guy Montag is a fireman. In his world, where television rules and literature is on the brink of extinction, firemen start fires rather than put them out. His job is to destroy the most illegal of commodities, the printed book, along with the houses in which they are hidden.\r\n\r\nMontag never questions the destruction and ruin his actions produce, returning each day to his bland life and wife, Mildred, who spends all day with her television \u201cfamily.\u201d But then he meets an eccentric young neighbor, Clarisse, who introduces him to a past where people didn\u2019t live in fear and to a present where one sees the world through the ideas in books instead of the mindless chatter of television.\r\n\r\nWhen Mildred attempts suicide and Clarisse suddenly disappears, Montag begins to question everything he has ever known. He starts hiding books in his home, and when his pilfering is discovered, the fireman has to run for his life.", "isbn": "978-145167331", "genre": [1]}}, {"model": "catalog.book", "pk": 10, "fields": {"title": "1984", "author": 3, "summary": "Winston Smith works for the Ministry of Truth in London, chief city of Airstrip One. Big Brother stares out from every poster, the Thought Police uncover every act of betrayal. When Winston finds love with Julia, he discovers that life does not have to be dull and deadening, and awakens to new possibilities.", "isbn": "978-014103614", "genre": [1]}}, {"model": "catalog.book", "pk": 11, "fields": {"title": "The Martian Chronicles", "author": 4, "summary": "In The Martian Chronicles, Ray Bradbury, America\u2019s preeminent storyteller, imagines a place of hope, dreams, and metaphor\u2014 of crystal pillars and fossil seas\u2014where a fine dust settles on the great empty cities of a vanished, devastated civilization. Earthmen conquer Mars and then are conquered by it, lulled by dangerous lies of comfort and familiarity, and enchanted by the lingering glamour of an ancient, mysterious native race. In this classic work of fiction, Bradbury exposes our ambitions, weaknesses, and ignorance in a strange and breathtaking world where man does not belong.", "isbn": "978-145167819", "genre": [1]}}, {"model": "catalog.book", "pk": 12, "fields": {"title": "FDR", "author": 5, "summary": "This is a portrait painted in broad strokes and fine details. We see how Roosevelt\u2019s restless energy, fierce intellect, personal magnetism, and ability to project effortless grace permitted him to master countless challenges throughout his life. Smith recounts FDR\u2019s battles with polio and physical disability, and how these experiences helped forge the resolve that FDR used to surmount the economic turmoil of the Great Depression and the wartime threat of totalitarianism. Here also is FDR\u2019s private life depicted with unprecedented candor and nuance, with close attention paid to the four women who molded his personality and helped to inform his worldview: His mother, Sara Delano Roosevelt, formidable yet ever supportive and tender; his wife, Eleanor, whose counsel and affection were instrumental to FDR\u2019s public and individual achievements; Lucy Mercer, the great romantic love of FDR\u2019s life; and Missy LeHand, FDR\u2019s longtime secretary, companion, and confidante, whose adoration of her boss", "isbn": "978-081297049", "genre": [3]}}, {"model": "catalog.book", "pk": 13, "fields": {"title": "Eisenhower in War and Peace", "author": 5, "summary": "In this extraordinary volume, Jean Edward Smith presents a portrait of Dwight D. Eisenhower that is as full, rich, and revealing as anything ever written about America\u2019s thirty-fourth president. Here is Eisenhower the young dreamer, charting a course from Abilene, Kansas, to West Point and beyond. Drawing on a wealth of untapped primary sources, Smith provides new insight into Ike\u2019s maddening apprenticeship under Douglas MacArthur. Then the whole panorama of World War II unfolds, with Eisenhower\u2019s superlative generalship forging the Allied path to victory. Smith also gives us an intriguing examination of Ike\u2019s finances, details his wartime affair with Kay Summersby, and reveals the inside story of the 1952 Republican convention that catapulted him to the White House.", "isbn": "978-081298288", "genre": [3]}}, {"model": "catalog.book", "pk": 14, "fields": {"title": "Grant", "author": 5, "summary": "Ulysses S. Grant was the first four-star general in the history of the United States Army and the only president between Andrew Jackson and Woodrow Wilson to serve eight consecutive years in the White House. As general in chief, Grant revolutionized modern warfare. As president, he brought stability to the country after years of war and upheaval. Yet today Grant is remembered as a brilliant general but a failed president.", "isbn": "978-068484927", "genre": [3]}}, {"model": "catalog.book", "pk": 15, "fields": {"title": "The Girl with the Dragon Tattoo", "author": 6, "summary": "Forty years ago, Harriet Vanger disappeared off the secluded island owned and inhabited by the powerful Vanger family. There was no corpse, no witnesses, no evidence. But her uncle, Henrik, is convinced that she was murdered by someone from her own deeply dysfunctional family. Disgraced journalist Mikael Blomkvist is hired to investigate, but he quickly finds himself in over his head. He hires a competent assistant: the gifted and conscience-free computer specialist Lisbeth Salander, and the two unravel a dark and appalling family history. But the Vangers are a secretive clan, and Blomkvist and Salander are about to find out just how far they are prepared to go to protect themselves.", "isbn": "978-067006901", "genre": [4]}}, {"model": "catalog.book", "pk": 16, "fields": {"title": "The Girl Who Played With Fire", "author": 6, "summary": "The electrifying follow-up to the phenomenal best seller The Girl with the Dragon Tattoo.\r\n\r\nThe fierce heart of this novel is Lisbeth Salander: the troubled, wise-beyond-her-years genius hacker who teamed up with crusading journalist Mikael Blomkvist in The Girl with the Dragon Tattoo.\r\n\r\nThis time, Lisbeth is implicated in a murder: her fingerprints found on the weapon used to kill two journalists the night before their explosive story about sex trafficking in Sweden was set to be published. Now, while Blomkvist\u2014alone in his belief in her innocence\u2014plunges into his own investigation of the slayings, Lisbeth is drawn into a hunt in which she is the prey, and which compels her to revisit her dark past in an effort to settle with it once and for all.", "isbn": "978-067006902", "genre": [4]}}, {"model": "catalog.book", "pk": 17, "fields": {"title": "The Girl Who Kicked the Hornet's Nest", "author": 6, "summary": "Lisbeth Salander\u2014the heart of Larsson\u2019s two previous novels\u2014lies in critical condition, a bullet wound to her head, in the intensive care unit of a Swedish city hospital. She\u2019s fighting for her life in more ways than one: if and when she recovers, she\u2019ll be taken back to Stockholm to stand trial for three murders. With the help of her friend, journalist Mikael Blomkvist, she will not only have to prove her innocence, but also identify and denounce those in authority who have allowed the vulnerable, like herself, to suffer abuse and violence. And, on her own, she will plot revenge\u2014against the man who tried to kill her, and the corrupt government institutions that very nearly destroyed her life.\r\n\r\nOnce upon a time, she was a victim. Now Salander is fighting back.", "isbn": "978-014319838", "genre": [4]}}, {"model": "catalog.book", "pk": 18, "fields": {"title": "The Hound of the Baskervilles", "author": 7, "summary": "At Baskerville Hall on the grim moors of Devonshire, a legendary curse has apparently claimed one more victim. Sir Charles Baskerville has been found dead. There are no signs of violence, but his face is hideously distorted with terror. Years earlier, a hound-like beast with blazing eyes and dripping jaws was reported to have torn out the throat of Hugo Baskerville. Has the spectral destroyer struck again? More important, is Sir Henry Baskerville, younger heir to the estate, now in danger?\r\nEnter Sherlock Holmes, summoned to protect Sir Henry from the fate that has threatened the Baskerville family. As Holmes and Watson begin to investigate, a blood-chilling howl from the fog-shrouded edges of the great Grimpen Mire signals that the legendary hound of the Baskervilles is poised for yet another murderous attack.", "isbn": "978-048628214", "genre": [4]}}, {"model": "catalog.book", "pk": 19, "fields": {"title": "A Study in Scarlet", "author": 7, "summary": "The book's title derives from a speech given by Holmes, an amateur detective, to his friend and chronicler Watson on the nature of his work, in which he describes the story's murder investigation as his \"study in scarlet\": \"There's the scarlet thread of murder running through the colourless skein of life, and our duty is to unravel it, and isolate it, and expose every inch of it.\"", "isbn": "978-153553466", "genre": [4]}}, {"model": "catalog.book", "pk": 20, "fields": {"title": "The Adventures of Sherlock Holmes", "author": 7, "summary": "Venture back in time to Victorian London to join literature's greatest detective team \u2014 the brilliant Sherlock Holmes and his devoted assistant, Dr. Watson \u2014 as they investigate a dozen of their best-known cases. Originally published in 1892, this is the first and best collection of stories about the legendary sleuth. It's also the least expensive edition available.\r\nFeatured tales include several of the author's personal favorites: \"A Scandal in Bohemia\" \u2014 in which a king is blackmailed by a former lover and Holmes matches wits with the only woman to attract his open admiration \u2014 plus \"The Speckled Band,\" \"The Red-Headed League,\" and \"The Five Orange Pips.\" Additional mysteries include \"The Blue Carbuncle,\" \"The Engineer\u2019s Thumb,\" \"The Beryl Coronet,\" \"The Copper Beeches,\" and four others.", "isbn": "978-048647491", "genre": [4]}}, {"model": "catalog.bookinstance", "pk": "041c4be5-b962-4c0e-be9b-d80e90406b6a", "fields": {"book": 20, "imprint": "1997", "due_back": "2018-07-31", "status": "o"}}, {"model": "catalog.bookinstance", "pk": "04857b3c-3f4a-465e-9e9d-6046d1fd3e6c", "fields": {"book": 3, "imprint": "2010", "due_back": null, "status": "a"}}, {"model": "catalog.bookinstance", "pk": "07a4156e-a04f-41c6-ad0a-6ac880fc97b0", "fields": {"book": 15, "imprint": "2000", "due_back": "2018-07-29", "status": "o"}}, {"model": "catalog.bookinstance", "pk": "08d461f6-1532-417a-848a-f6383f41b008", "fields": {"book": 17, "imprint": "2000", "due_back": null, "status": "a"}}, {"model": "catalog.bookinstance", "pk": "0f06c224-c2f2-410c-9c38-71a5f789bbe2", "fields": {"book": 19, "imprint": "1995", "due_back": null, "status": "a"}}, {"model": "catalog.bookinstance", "pk": "1a237d20-2410-4ca3-a833-00ca4279da18", "fields": {"book": 7, "imprint": "2016", "due_back": null, "status": "a"}}, {"model": "catalog.bookinstance", "pk": "1edcec69-3e03-45a1-bc94-b4f93228a069", "fields": {"book": 11, "imprint": "1995", "due_back": null, "status": "a"}}, {"model": "catalog.bookinstance", "pk": "1f13173e-8373-439b-803c-eb54fe77c49b", "fields": {"book": 17, "imprint": "2000", "due_back": null, "status": "a"}}, {"model": "catalog.bookinstance", "pk": "22c8b9b8-da49-4f74-ad4a-2fdafe8eff87", "fields": {"book": 16, "imprint": "2000", "due_back": null, "status": "a"}}, {"model": "catalog.bookinstance", "pk": "24fb69c8-cae8-48c7-9399-bcbb9f775ec1", "fields": {"book": 20, "imprint": "1997", "due_back": null, "status": "a"}}, {"model": "catalog.bookinstance", "pk": "25c0870a-d1ca-4188-8d0b-d217a5d2f2a4", "fields": {"book": 9, "imprint": "2000", "due_back": "2018-08-03", "status": "o"}}, {"model": "catalog.bookinstance", "pk": "266353f6-ae28-4d5e-8550-fc9c78aabddb", "fields": {"book": 20, "imprint": "1997", "due_back": null, "status": "a"}}, {"model": "catalog.bookinstance", "pk": "290229b6-1e23-4143-a381-70c5e317ecc1", "fields": {"book": 3, "imprint": "2010", "due_back": "2018-08-08", "status": "o"}}, {"model": "catalog.bookinstance", "pk": "32cb9e69-608f-4637-8048-6648c2acd2a4", "fields": {"book": 15, "imprint": "2000", "due_back": null, "status": "a"}}, {"model": "catalog.bookinstance", "pk": "363c5467-b492-4006-8792-4a400c7d945b", "fields": {"book": 1, "imprint": "2010", "due_back": null, "status": "a"}}, {"model": "catalog.bookinstance", "pk": "3aa72f78-8d45-40bf-8089-ddddab0bc0ce", "fields": {"book": 1, "imprint": "2010", "due_back": null, "status": "a"}}, {"model": "catalog.bookinstance", "pk": "45608d0f-dc1a-4c1a-9c78-9c685e49ff80", "fields": {"book": 9, "imprint": "2000", "due_back": "2018-07-29", "status": "o"}}, {"model": "catalog.bookinstance", "pk": "48f42c62-2d85-4243-bc7b-74f0aa36a22d", "fields": {"book": 15, "imprint": "2000", "due_back": "2018-07-31", "status": "o"}}, {"model": "catalog.bookinstance", "pk": "4965819e-c63a-4584-b016-3486ec0dd78e", "fields": {"book": 2, "imprint": "2010", "due_back": null, "status": "a"}}, {"model": "catalog.bookinstance", "pk": "5042f257-4826-4b68-9db3-9f4bcd48601e", "fields": {"book": 4, "imprint": "2016", "due_back": "2018-08-01", "status": "o"}}, {"model": "catalog.bookinstance", "pk": "55bc9867-d633-4a0f-94a6-1905601b59c7", "fields": {"book": 12, "imprint": "2010", "due_back": "2018-07-31", "status": "o"}}, {"model": "catalog.bookinstance", "pk": "6dc39e18-5333-4cdf-b75b-f3d2a39cb4cf", "fields": {"book": 14, "imprint": "1998", "due_back": "2018-08-10", "status": "o"}}, {"model": "catalog.bookinstance", "pk": "7f3f53d6-d422-449d-8f43-be8595f3e983", "fields": {"book": 20, "imprint": "1997", "due_back": "2018-08-03", "status": "o"}}, {"model": "catalog.bookinstance", "pk": "89df2ee7-c3d0-44d5-88b8-f5afceab8394", "fields": {"book": 2, "imprint": "2010", "due_back": null, "status": "a"}}, {"model": "catalog.bookinstance", "pk": "8cece0c1-3da9-4896-b2d5-7b284ed1e868", "fields": {"book": 18, "imprint": "1990", "due_back": null, "status": "a"}}, {"model": "catalog.bookinstance", "pk": "9b38e6ad-04cd-4ac3-9b51-04182bb640c6", "fields": {"book": 16, "imprint": "2000", "due_back": "2018-08-06", "status": "o"}}, {"model": "catalog.bookinstance", "pk": "9ce5b076-d67d-4a90-a87c-372720c8ce84", "fields": {"book": 5, "imprint": "2016", "due_back": null, "status": "a"}}, {"model": "catalog.bookinstance", "pk": "a68e14b0-19df-44ed-9a87-ab23891d61bf", "fields": {"book": 16, "imprint": "2000", "due_back": "2018-08-10", "status": "o"}}, {"model": "catalog.bookinstance", "pk": "aa354cdd-5195-42ea-9f8e-f2af582e8d5e", "fields": {"book": 9, "imprint": "2000", "due_back": "2018-08-02", "status": "o"}}, {"model": "catalog.bookinstance", "pk": "abe59eae-2f0b-47a4-a96a-afe6da2375d4", "fields": {"book": 6, "imprint": "2016", "due_back": null, "status": "a"}}, {"model": "catalog.bookinstance", "pk": "b24c97e7-1602-4f01-8628-9a51c9d65bb2", "fields": {"book": 20, "imprint": "1997", "due_back": null, "status": "a"}}, {"model": "catalog.bookinstance", "pk": "b29020ac-ede0-4d3d-bb24-c924ee03a7a0", "fields": {"book": 1, "imprint": "2010", "due_back": "2018-08-02", "status": "o"}}, {"model": "catalog.bookinstance", "pk": "be04b7e1-079e-4c8b-8cfa-476f5a5f27ec", "fields": {"book": 10, "imprint": "2005", "due_back": null, "status": "a"}}, {"model": "catalog.bookinstance", "pk": "c1800b55-b069-4845-99a9-ac20d0a28930", "fields": {"book": 13, "imprint": "2017", "due_back": null, "status": "a"}}, {"model": "catalog.bookinstance", "pk": "caf70028-04d6-4c84-a00e-f88842852161", "fields": {"book": 4, "imprint": "2016", "due_back": null, "status": "a"}}, {"model": "catalog.bookinstance", "pk": "d0e6a925-9ec5-44f9-855f-a56ceebac87d", "fields": {"book": 4, "imprint": "2016", "due_back": "2018-07-30", "status": "o"}}, {"model": "catalog.bookinstance", "pk": "e2dc888a-6ac7-4e28-8066-fe3120939c77", "fields": {"book": 8, "imprint": "2016", "due_back": "2018-07-28", "status": "o"}}, {"model": "catalog.bookinstance", "pk": "e458f358-f945-4b70-a88d-ffd307b4b26e", "fields": {"book": 10, "imprint": "2005", "due_back": null, "status": "a"}}, {"model": "catalog.bookinstance", "pk": "eca7b759-158a-415e-8c37-1482838d6fd5", "fields": {"book": 2, "imprint": "2010", "due_back": "2018-08-06", "status": "o"}}, {"model": "catalog.bookinstance", "pk": "f15ead65-54c4-48b9-b90c-6bedef2bbcbd", "fields": {"book": 13, "imprint": "2017", "due_back": "2018-08-02", "status": "o"}}, {"model": "catalog.bookinstance", "pk": "f847a9a3-4270-4e3c-b0eb-0080472e44fb", "fields": {"book": 20, "imprint": "1997", "due_back": null, "status": "a"}}, {"model": "catalog.bookinstance", "pk": "f86313a9-8535-42a5-8152-85a293fca053", "fields": {"book": 12, "imprint": "2010", "due_back": null, "status": "a"}}, {"model": "catalog.bookinstance", "pk": "fedc9d69-8c96-47bb-b160-94be230c17b7", "fields": {"book": 5, "imprint": "2016", "due_back": "2018-08-10", "status": "o"}}, {"model": "catalog.author", "pk": 1, "fields": {"first_name": "George R. R.", "last_name": "Martin", "date_of_birth": "1948-09-20", "date_of_death": null}}, {"model": "catalog.author", "pk": 2, "fields": {"first_name": "J. R. R.", "last_name": "Tolkien", "date_of_birth": "1892-01-03", "date_of_death": "1973-09-02"}}, {"model": "catalog.author", "pk": 3, "fields": {"first_name": "George", "last_name": "Orwell", "date_of_birth": "1903-06-25", "date_of_death": "1950-01-21"}}, {"model": "catalog.author", "pk": 4, "fields": {"first_name": "Ray", "last_name": "Bradbury", "date_of_birth": "1920-08-22", "date_of_death": "2012-06-05"}}, {"model": "catalog.author", "pk": 5, "fields": {"first_name": "Jean Edward", "last_name": "Smith", "date_of_birth": "1932-10-13", "date_of_death": null}}, {"model": "catalog.author", "pk": 6, "fields": {"first_name": "Stieg", "last_name": "Larsson", "date_of_birth": "1954-08-15", "date_of_death": "2004-11-09"}}, {"model": "catalog.author", "pk": 7, "fields": {"first_name": "Sir Arthur Conan", "last_name": "Doyle", "date_of_birth": "1859-05-22", "date_of_death": "1930-07-07"}}, {"model": "admin.logentry", "pk": 1, "fields": {"action_time": "2018-07-29T01:48:13.326Z", "user": 1, "content_type": 10, "object_id": "1", "object_repr": "Science Fiction", "action_flag": 1, "change_message": "[{\"added\": {}}]"}}, {"model": "admin.logentry", "pk": 2, "fields": {"action_time": "2018-07-29T01:48:24.728Z", "user": 1, "content_type": 10, "object_id": "2", "object_repr": "Fantasy", "action_flag": 1, "change_message": "[{\"added\": {}}]"}}, {"model": "admin.logentry", "pk": 3, "fields": {"action_time": "2018-07-29T01:48:45.393Z", "user": 1, "content_type": 10, "object_id": "3", "object_repr": "Biography", "action_flag": 1, "change_message": "[{\"added\": {}}]"}}, {"model": "admin.logentry", "pk": 4, "fields": {"action_time": "2018-07-29T01:49:03.725Z", "user": 1, "content_type": 10, "object_id": "4", "object_repr": "Mystery", "action_flag": 1, "change_message": "[{\"added\": {}}]"}}, {"model": "admin.logentry", "pk": 5, "fields": {"action_time": "2018-07-29T01:49:07.167Z", "user": 1, "content_type": 10, "object_id": "4", "object_repr": "Mystery", "action_flag": 2, "change_message": "[]"}}, {"model": "admin.logentry", "pk": 6, "fields": {"action_time": "2018-07-29T01:51:34.966Z", "user": 1, "content_type": 7, "object_id": "1", "object_repr": "Martin, George R. R.", "action_flag": 1, "change_message": "[{\"added\": {}}]"}}, {"model": "admin.logentry", "pk": 7, "fields": {"action_time": "2018-07-29T01:52:06.480Z", "user": 1, "content_type": 7, "object_id": "2", "object_repr": "Tolkien, J. R. R.", "action_flag": 1, "change_message": "[{\"added\": {}}]"}}, {"model": "admin.logentry", "pk": 8, "fields": {"action_time": "2018-07-29T01:54:15.044Z", "user": 1, "content_type": 9, "object_id": "1", "object_repr": "The Fellowship Of The Ring", "action_flag": 1, "change_message": "[{\"added\": {}}]"}}, {"model": "admin.logentry", "pk": 9, "fields": {"action_time": "2018-07-29T01:54:36.661Z", "user": 1, "content_type": 9, "object_id": "2", "object_repr": "The Two Towers", "action_flag": 1, "change_message": "[{\"added\": {}}]"}}, {"model": "admin.logentry", "pk": 10, "fields": {"action_time": "2018-07-29T01:55:14.155Z", "user": 1, "content_type": 9, "object_id": "3", "object_repr": "The Return Of The King", "action_flag": 1, "change_message": "[{\"added\": {}}]"}}, {"model": "admin.logentry", "pk": 11, "fields": {"action_time": "2018-07-29T01:56:20.242Z", "user": 1, "content_type": 9, "object_id": "4", "object_repr": "A Game of Thrones: A Song of Ice and Fire: Book One", "action_flag": 1, "change_message": "[{\"added\": {}}]"}}, {"model": "admin.logentry", "pk": 12, "fields": {"action_time": "2018-07-29T01:56:40.931Z", "user": 1, "content_type": 9, "object_id": "5", "object_repr": "A Clash of Kings: A Song of Ice and Fire: Book Two", "action_flag": 1, "change_message": "[{\"added\": {}}]"}}, {"model": "admin.logentry", "pk": 13, "fields": {"action_time": "2018-07-29T01:57:08.556Z", "user": 1, "content_type": 9, "object_id": "6", "object_repr": "A Storm of Swords: A Song of Ice and Fire: Book Three", "action_flag": 1, "change_message": "[{\"added\": {}}]"}}, {"model": "admin.logentry", "pk": 14, "fields": {"action_time": "2018-07-29T01:57:32.052Z", "user": 1, "content_type": 9, "object_id": "7", "object_repr": "A Feast for Crows: A Song of Ice and Fire: Book Four", "action_flag": 1, "change_message": "[{\"added\": {}}]"}}, {"model": "admin.logentry", "pk": 15, "fields": {"action_time": "2018-07-29T01:58:50.048Z", "user": 1, "content_type": 9, "object_id": "8", "object_repr": "A Dance with Dragons: A Song of Ice and Fire: Book Five", "action_flag": 1, "change_message": "[{\"added\": {}}]"}}, {"model": "admin.logentry", "pk": 16, "fields": {"action_time": "2018-07-29T18:25:36.944Z", "user": 1, "content_type": 7, "object_id": "3", "object_repr": "Orwell, George", "action_flag": 1, "change_message": "[{\"added\": {}}]"}}, {"model": "admin.logentry", "pk": 17, "fields": {"action_time": "2018-07-29T18:26:37.243Z", "user": 1, "content_type": 7, "object_id": "4", "object_repr": "Bradbury, Ray", "action_flag": 1, "change_message": "[{\"added\": {}}]"}}, {"model": "admin.logentry", "pk": 18, "fields": {"action_time": "2018-07-29T18:27:31.046Z", "user": 1, "content_type": 9, "object_id": "9", "object_repr": "Fahrenheit 451", "action_flag": 1, "change_message": "[{\"added\": {}}]"}}, {"model": "admin.logentry", "pk": 19, "fields": {"action_time": "2018-07-29T18:27:51.700Z", "user": 1, "content_type": 9, "object_id": "10", "object_repr": "1984", "action_flag": 1, "change_message": "[{\"added\": {}}]"}}, {"model": "admin.logentry", "pk": 20, "fields": {"action_time": "2018-07-29T18:29:53.872Z", "user": 1, "content_type": 9, "object_id": "11", "object_repr": "The Martian Chronicles", "action_flag": 1, "change_message": "[{\"added\": {}}]"}}, {"model": "admin.logentry", "pk": 21, "fields": {"action_time": "2018-07-29T18:30:54.684Z", "user": 1, "content_type": 7, "object_id": "5", "object_repr": "Smith, Jean Edward", "action_flag": 1, "change_message": "[{\"added\": {}}]"}}, {"model": "admin.logentry", "pk": 22, "fields": {"action_time": "2018-07-29T18:33:11.187Z", "user": 1, "content_type": 9, "object_id": "12", "object_repr": "FDR", "action_flag": 1, "change_message": "[{\"added\": {}}]"}}, {"model": "admin.logentry", "pk": 23, "fields": {"action_time": "2018-07-29T18:33:41.571Z", "user": 1, "content_type": 9, "object_id": "13", "object_repr": "Eisenhower in War and Peace", "action_flag": 1, "change_message": "[{\"added\": {}}]"}}, {"model": "admin.logentry", "pk": 24, "fields": {"action_time": "2018-07-29T18:34:23.088Z", "user": 1, "content_type": 9, "object_id": "14", "object_repr": "Grant", "action_flag": 1, "change_message": "[{\"added\": {}}]"}}, {"model": "admin.logentry", "pk": 25, "fields": {"action_time": "2018-07-29T18:37:18.444Z", "user": 1, "content_type": 7, "object_id": "6", "object_repr": "Larsson, Stieg", "action_flag": 1, "change_message": "[{\"added\": {}}]"}}, {"model": "admin.logentry", "pk": 26, "fields": {"action_time": "2018-07-29T18:38:29.671Z", "user": 1, "content_type": 9, "object_id": "15", "object_repr": "The Girl with the Dragon Tattoo", "action_flag": 1, "change_message": "[{\"added\": {}}]"}}, {"model": "admin.logentry", "pk": 27, "fields": {"action_time": "2018-07-29T18:39:12.477Z", "user": 1, "content_type": 9, "object_id": "16", "object_repr": "The Girl Who Played With Fire", "action_flag": 1, "change_message": "[{\"added\": {}}]"}}, {"model": "admin.logentry", "pk": 28, "fields": {"action_time": "2018-07-29T18:40:19.344Z", "user": 1, "content_type": 9, "object_id": "17", "object_repr": "The Girl Who Kicked the Hornet's Nest", "action_flag": 1, "change_message": "[{\"added\": {}}]"}}, {"model": "admin.logentry", "pk": 29, "fields": {"action_time": "2018-07-29T18:41:07.965Z", "user": 1, "content_type": 7, "object_id": "7", "object_repr": "Doyle, Sir Arthur Conan", "action_flag": 1, "change_message": "[{\"added\": {}}]"}}, {"model": "admin.logentry", "pk": 30, "fields": {"action_time": "2018-07-29T18:41:51.133Z", "user": 1, "content_type": 9, "object_id": "18", "object_repr": "The Hound of the Baskervilles", "action_flag": 1, "change_message": "[{\"added\": {}}]"}}, {"model": "admin.logentry", "pk": 31, "fields": {"action_time": "2018-07-29T18:42:21.161Z", "user": 1, "content_type": 9, "object_id": "19", "object_repr": "A Study in Scarlet", "action_flag": 1, "change_message": "[{\"added\": {}}]"}}, {"model": "admin.logentry", "pk": 32, "fields": {"action_time": "2018-07-29T18:43:22.094Z", "user": 1, "content_type": 9, "object_id": "20", "object_repr": "The Adventures of Sherlock Holmes", "action_flag": 1, "change_message": "[{\"added\": {}}]"}}, {"model": "admin.logentry", "pk": 33, "fields": {"action_time": "2018-07-29T18:45:20.972Z", "user": 1, "content_type": 8, "object_id": "363c5467-b492-4006-8792-4a400c7d945b", "object_repr": "363c5467-b492-4006-8792-4a400c7d945b (The Fellowship Of The Ring)", "action_flag": 1, "change_message": "[{\"added\": {}}]"}}, {"model": "admin.logentry", "pk": 34, "fields": {"action_time": "2018-07-29T18:45:28.758Z", "user": 1, "content_type": 8, "object_id": "b29020ac-ede0-4d3d-bb24-c924ee03a7a0", "object_repr": "b29020ac-ede0-4d3d-bb24-c924ee03a7a0 (The Fellowship Of The Ring)", "action_flag": 1, "change_message": "[{\"added\": {}}]"}}, {"model": "admin.logentry", "pk": 35, "fields": {"action_time": "2018-07-29T18:45:43.215Z", "user": 1, "content_type": 8, "object_id": "3aa72f78-8d45-40bf-8089-ddddab0bc0ce", "object_repr": "3aa72f78-8d45-40bf-8089-ddddab0bc0ce (The Fellowship Of The Ring)", "action_flag": 1, "change_message": "[{\"added\": {}}]"}}, {"model": "admin.logentry", "pk": 36, "fields": {"action_time": "2018-07-29T18:45:44.383Z", "user": 1, "content_type": 8, "object_id": "3aa72f78-8d45-40bf-8089-ddddab0bc0ce", "object_repr": "3aa72f78-8d45-40bf-8089-ddddab0bc0ce (The Fellowship Of The Ring)", "action_flag": 2, "change_message": "[]"}}, {"model": "admin.logentry", "pk": 37, "fields": {"action_time": "2018-07-29T18:46:02.446Z", "user": 1, "content_type": 8, "object_id": "3aa72f78-8d45-40bf-8089-ddddab0bc0ce", "object_repr": "3aa72f78-8d45-40bf-8089-ddddab0bc0ce (The Fellowship Of The Ring)", "action_flag": 2, "change_message": "[{\"changed\": {\"fields\": [\"due_back\"]}}]"}}, {"model": "admin.logentry", "pk": 38, "fields": {"action_time": "2018-07-29T18:46:13.324Z", "user": 1, "content_type": 8, "object_id": "4965819e-c63a-4584-b016-3486ec0dd78e", "object_repr": "4965819e-c63a-4584-b016-3486ec0dd78e (The Two Towers)", "action_flag": 1, "change_message": "[{\"added\": {}}]"}}, {"model": "admin.logentry", "pk": 39, "fields": {"action_time": "2018-07-29T18:46:24.935Z", "user": 1, "content_type": 8, "object_id": "89df2ee7-c3d0-44d5-88b8-f5afceab8394", "object_repr": "89df2ee7-c3d0-44d5-88b8-f5afceab8394 (The Two Towers)", "action_flag": 1, "change_message": "[{\"added\": {}}]"}}, {"model": "admin.logentry", "pk": 40, "fields": {"action_time": "2018-07-29T18:46:39.262Z", "user": 1, "content_type": 8, "object_id": "eca7b759-158a-415e-8c37-1482838d6fd5", "object_repr": "eca7b759-158a-415e-8c37-1482838d6fd5 (The Two Towers)", "action_flag": 1, "change_message": "[{\"added\": {}}]"}}, {"model": "admin.logentry", "pk": 41, "fields": {"action_time": "2018-07-29T18:46:46.067Z", "user": 1, "content_type": 8, "object_id": "04857b3c-3f4a-465e-9e9d-6046d1fd3e6c", "object_repr": "04857b3c-3f4a-465e-9e9d-6046d1fd3e6c (The Return Of The King)", "action_flag": 1, "change_message": "[{\"added\": {}}]"}}, {"model": "admin.logentry", "pk": 42, "fields": {"action_time": "2018-07-29T18:47:33.805Z", "user": 1, "content_type": 8, "object_id": "290229b6-1e23-4143-a381-70c5e317ecc1", "object_repr": "290229b6-1e23-4143-a381-70c5e317ecc1 (The Return Of The King)", "action_flag": 1, "change_message": "[{\"added\": {}}]"}}, {"model": "admin.logentry", "pk": 43, "fields": {"action_time": "2018-07-29T18:47:49.970Z", "user": 1, "content_type": 8, "object_id": "d0e6a925-9ec5-44f9-855f-a56ceebac87d", "object_repr": "d0e6a925-9ec5-44f9-855f-a56ceebac87d (A Game of Thrones: A Song of Ice and Fire: Book One)", "action_flag": 1, "change_message": "[{\"added\": {}}]"}}, {"model": "admin.logentry", "pk": 44, "fields": {"action_time": "2018-07-29T18:48:01.371Z", "user": 1, "content_type": 8, "object_id": "fedc9d69-8c96-47bb-b160-94be230c17b7", "object_repr": "fedc9d69-8c96-47bb-b160-94be230c17b7 (A Clash of Kings: A Song of Ice and Fire: Book Two)", "action_flag": 1, "change_message": "[{\"added\": {}}]"}}, {"model": "admin.logentry", "pk": 45, "fields": {"action_time": "2018-07-29T18:48:08.645Z", "user": 1, "content_type": 8, "object_id": "abe59eae-2f0b-47a4-a96a-afe6da2375d4", "object_repr": "abe59eae-2f0b-47a4-a96a-afe6da2375d4 (A Storm of Swords: A Song of Ice and Fire: Book Three)", "action_flag": 1, "change_message": "[{\"added\": {}}]"}}, {"model": "admin.logentry", "pk": 46, "fields": {"action_time": "2018-07-29T18:48:17.259Z", "user": 1, "content_type": 8, "object_id": "1a237d20-2410-4ca3-a833-00ca4279da18", "object_repr": "1a237d20-2410-4ca3-a833-00ca4279da18 (A Feast for Crows: A Song of Ice and Fire: Book Four)", "action_flag": 1, "change_message": "[{\"added\": {}}]"}}, {"model": "admin.logentry", "pk": 47, "fields": {"action_time": "2018-07-29T18:48:34.063Z", "user": 1, "content_type": 8, "object_id": "e2dc888a-6ac7-4e28-8066-fe3120939c77", "object_repr": "e2dc888a-6ac7-4e28-8066-fe3120939c77 (A Dance with Dragons: A Song of Ice and Fire: Book Five)", "action_flag": 1, "change_message": "[{\"added\": {}}]"}}, {"model": "admin.logentry", "pk": 48, "fields": {"action_time": "2018-07-29T18:48:44.466Z", "user": 1, "content_type": 8, "object_id": "9ce5b076-d67d-4a90-a87c-372720c8ce84", "object_repr": "9ce5b076-d67d-4a90-a87c-372720c8ce84 (A Clash of Kings: A Song of Ice and Fire: Book Two)", "action_flag": 1, "change_message": "[{\"added\": {}}]"}}, {"model": "admin.logentry", "pk": 49, "fields": {"action_time": "2018-07-29T18:48:50.413Z", "user": 1, "content_type": 8, "object_id": "caf70028-04d6-4c84-a00e-f88842852161", "object_repr": "caf70028-04d6-4c84-a00e-f88842852161 (A Game of Thrones: A Song of Ice and Fire: Book One)", "action_flag": 1, "change_message": "[{\"added\": {}}]"}}, {"model": "admin.logentry", "pk": 50, "fields": {"action_time": "2018-07-29T18:49:02.030Z", "user": 1, "content_type": 8, "object_id": "5042f257-4826-4b68-9db3-9f4bcd48601e", "object_repr": "5042f257-4826-4b68-9db3-9f4bcd48601e (A Game of Thrones: A Song of Ice and Fire: Book One)", "action_flag": 1, "change_message": "[{\"added\": {}}]"}}, {"model": "admin.logentry", "pk": 51, "fields": {"action_time": "2018-07-29T18:49:21.145Z", "user": 1, "content_type": 8, "object_id": "aa354cdd-5195-42ea-9f8e-f2af582e8d5e", "object_repr": "aa354cdd-5195-42ea-9f8e-f2af582e8d5e (Fahrenheit 451)", "action_flag": 1, "change_message": "[{\"added\": {}}]"}}, {"model": "admin.logentry", "pk": 52, "fields": {"action_time": "2018-07-29T18:49:30.797Z", "user": 1, "content_type": 8, "object_id": "25c0870a-d1ca-4188-8d0b-d217a5d2f2a4", "object_repr": "25c0870a-d1ca-4188-8d0b-d217a5d2f2a4 (Fahrenheit 451)", "action_flag": 1, "change_message": "[{\"added\": {}}]"}}, {"model": "admin.logentry", "pk": 53, "fields": {"action_time": "2018-07-29T18:49:42.296Z", "user": 1, "content_type": 8, "object_id": "45608d0f-dc1a-4c1a-9c78-9c685e49ff80", "object_repr": "45608d0f-dc1a-4c1a-9c78-9c685e49ff80 (Fahrenheit 451)", "action_flag": 1, "change_message": "[{\"added\": {}}]"}}, {"model": "admin.logentry", "pk": 54, "fields": {"action_time": "2018-07-29T18:49:48.816Z", "user": 1, "content_type": 8, "object_id": "be04b7e1-079e-4c8b-8cfa-476f5a5f27ec", "object_repr": "be04b7e1-079e-4c8b-8cfa-476f5a5f27ec (1984)", "action_flag": 1, "change_message": "[{\"added\": {}}]"}}, {"model": "admin.logentry", "pk": 55, "fields": {"action_time": "2018-07-29T18:49:55.263Z", "user": 1, "content_type": 8, "object_id": "e458f358-f945-4b70-a88d-ffd307b4b26e", "object_repr": "e458f358-f945-4b70-a88d-ffd307b4b26e (1984)", "action_flag": 1, "change_message": "[{\"added\": {}}]"}}, {"model": "admin.logentry", "pk": 56, "fields": {"action_time": "2018-07-29T18:50:04.645Z", "user": 1, "content_type": 8, "object_id": "1edcec69-3e03-45a1-bc94-b4f93228a069", "object_repr": "1edcec69-3e03-45a1-bc94-b4f93228a069 (The Martian Chronicles)", "action_flag": 1, "change_message": "[{\"added\": {}}]"}}, {"model": "admin.logentry", "pk": 57, "fields": {"action_time": "2018-07-29T18:50:13.749Z", "user": 1, "content_type": 8, "object_id": "f86313a9-8535-42a5-8152-85a293fca053", "object_repr": "f86313a9-8535-42a5-8152-85a293fca053 (FDR)", "action_flag": 1, "change_message": "[{\"added\": {}}]"}}, {"model": "admin.logentry", "pk": 58, "fields": {"action_time": "2018-07-29T18:50:21.179Z", "user": 1, "content_type": 8, "object_id": "55bc9867-d633-4a0f-94a6-1905601b59c7", "object_repr": "55bc9867-d633-4a0f-94a6-1905601b59c7 (FDR)", "action_flag": 1, "change_message": "[{\"added\": {}}]"}}, {"model": "admin.logentry", "pk": 59, "fields": {"action_time": "2018-07-29T18:50:28.551Z", "user": 1, "content_type": 8, "object_id": "c1800b55-b069-4845-99a9-ac20d0a28930", "object_repr": "c1800b55-b069-4845-99a9-ac20d0a28930 (Eisenhower in War and Peace)", "action_flag": 1, "change_message": "[{\"added\": {}}]"}}, {"model": "admin.logentry", "pk": 60, "fields": {"action_time": "2018-07-29T18:50:39.495Z", "user": 1, "content_type": 8, "object_id": "f15ead65-54c4-48b9-b90c-6bedef2bbcbd", "object_repr": "f15ead65-54c4-48b9-b90c-6bedef2bbcbd (Eisenhower in War and Peace)", "action_flag": 1, "change_message": "[{\"added\": {}}]"}}, {"model": "admin.logentry", "pk": 61, "fields": {"action_time": "2018-07-29T18:51:01.606Z", "user": 1, "content_type": 8, "object_id": "6dc39e18-5333-4cdf-b75b-f3d2a39cb4cf", "object_repr": "6dc39e18-5333-4cdf-b75b-f3d2a39cb4cf (Grant)", "action_flag": 1, "change_message": "[{\"added\": {}}]"}}, {"model": "admin.logentry", "pk": 62, "fields": {"action_time": "2018-07-29T18:56:28.216Z", "user": 1, "content_type": 8, "object_id": "07a4156e-a04f-41c6-ad0a-6ac880fc97b0", "object_repr": "07a4156e-a04f-41c6-ad0a-6ac880fc97b0 (The Girl with the Dragon Tattoo)", "action_flag": 1, "change_message": "[{\"added\": {}}]"}}, {"model": "admin.logentry", "pk": 63, "fields": {"action_time": "2018-07-29T18:56:38.204Z", "user": 1, "content_type": 8, "object_id": "48f42c62-2d85-4243-bc7b-74f0aa36a22d", "object_repr": "48f42c62-2d85-4243-bc7b-74f0aa36a22d (The Girl with the Dragon Tattoo)", "action_flag": 1, "change_message": "[{\"added\": {}}]"}}, {"model": "admin.logentry", "pk": 64, "fields": {"action_time": "2018-07-29T18:56:45.395Z", "user": 1, "content_type": 8, "object_id": "32cb9e69-608f-4637-8048-6648c2acd2a4", "object_repr": "32cb9e69-608f-4637-8048-6648c2acd2a4 (The Girl with the Dragon Tattoo)", "action_flag": 1, "change_message": "[{\"added\": {}}]"}}, {"model": "admin.logentry", "pk": 65, "fields": {"action_time": "2018-07-29T18:56:50.894Z", "user": 1, "content_type": 8, "object_id": "22c8b9b8-da49-4f74-ad4a-2fdafe8eff87", "object_repr": "22c8b9b8-da49-4f74-ad4a-2fdafe8eff87 (The Girl Who Played With Fire)", "action_flag": 1, "change_message": "[{\"added\": {}}]"}}, {"model": "admin.logentry", "pk": 66, "fields": {"action_time": "2018-07-29T18:57:02.679Z", "user": 1, "content_type": 8, "object_id": "a68e14b0-19df-44ed-9a87-ab23891d61bf", "object_repr": "a68e14b0-19df-44ed-9a87-ab23891d61bf (The Girl Who Played With Fire)", "action_flag": 1, "change_message": "[{\"added\": {}}]"}}, {"model": "admin.logentry", "pk": 67, "fields": {"action_time": "2018-07-29T18:57:13.822Z", "user": 1, "content_type": 8, "object_id": "9b38e6ad-04cd-4ac3-9b51-04182bb640c6", "object_repr": "9b38e6ad-04cd-4ac3-9b51-04182bb640c6 (The Girl Who Played With Fire)", "action_flag": 1, "change_message": "[{\"added\": {}}]"}}, {"model": "admin.logentry", "pk": 68, "fields": {"action_time": "2018-07-29T18:57:21.514Z", "user": 1, "content_type": 8, "object_id": "1f13173e-8373-439b-803c-eb54fe77c49b", "object_repr": "1f13173e-8373-439b-803c-eb54fe77c49b (The Girl Who Kicked the Hornet's Nest)", "action_flag": 1, "change_message": "[{\"added\": {}}]"}}, {"model": "admin.logentry", "pk": 69, "fields": {"action_time": "2018-07-29T18:57:28.069Z", "user": 1, "content_type": 8, "object_id": "08d461f6-1532-417a-848a-f6383f41b008", "object_repr": "08d461f6-1532-417a-848a-f6383f41b008 (The Girl Who Kicked the Hornet's Nest)", "action_flag": 1, "change_message": "[{\"added\": {}}]"}}, {"model": "admin.logentry", "pk": 70, "fields": {"action_time": "2018-07-29T18:57:38.395Z", "user": 1, "content_type": 8, "object_id": "8cece0c1-3da9-4896-b2d5-7b284ed1e868", "object_repr": "8cece0c1-3da9-4896-b2d5-7b284ed1e868 (The Hound of the Baskervilles)", "action_flag": 1, "change_message": "[{\"added\": {}}]"}}, {"model": "admin.logentry", "pk": 71, "fields": {"action_time": "2018-07-29T18:57:48.447Z", "user": 1, "content_type": 8, "object_id": "0f06c224-c2f2-410c-9c38-71a5f789bbe2", "object_repr": "0f06c224-c2f2-410c-9c38-71a5f789bbe2 (A Study in Scarlet)", "action_flag": 1, "change_message": "[{\"added\": {}}]"}}, {"model": "admin.logentry", "pk": 72, "fields": {"action_time": "2018-07-29T18:58:01.184Z", "user": 1, "content_type": 8, "object_id": "266353f6-ae28-4d5e-8550-fc9c78aabddb", "object_repr": "266353f6-ae28-4d5e-8550-fc9c78aabddb (The Adventures of Sherlock Holmes)", "action_flag": 1, "change_message": "[{\"added\": {}}]"}}, {"model": "admin.logentry", "pk": 73, "fields": {"action_time": "2018-07-29T18:58:14.009Z", "user": 1, "content_type": 8, "object_id": "041c4be5-b962-4c0e-be9b-d80e90406b6a", "object_repr": "041c4be5-b962-4c0e-be9b-d80e90406b6a (The Adventures of Sherlock Holmes)", "action_flag": 1, "change_message": "[{\"added\": {}}]"}}, {"model": "admin.logentry", "pk": 74, "fields": {"action_time": "2018-07-29T18:58:25.236Z", "user": 1, "content_type": 8, "object_id": "24fb69c8-cae8-48c7-9399-bcbb9f775ec1", "object_repr": "24fb69c8-cae8-48c7-9399-bcbb9f775ec1 (The Adventures of Sherlock Holmes)", "action_flag": 1, "change_message": "[{\"added\": {}}]"}}, {"model": "admin.logentry", "pk": 75, "fields": {"action_time": "2018-07-29T18:58:31.451Z", "user": 1, "content_type": 8, "object_id": "b24c97e7-1602-4f01-8628-9a51c9d65bb2", "object_repr": "b24c97e7-1602-4f01-8628-9a51c9d65bb2 (The Adventures of Sherlock Holmes)", "action_flag": 1, "change_message": "[{\"added\": {}}]"}}, {"model": "admin.logentry", "pk": 76, "fields": {"action_time": "2018-07-29T18:58:45.109Z", "user": 1, "content_type": 8, "object_id": "7f3f53d6-d422-449d-8f43-be8595f3e983", "object_repr": "7f3f53d6-d422-449d-8f43-be8595f3e983 (The Adventures of Sherlock Holmes)", "action_flag": 1, "change_message": "[{\"added\": {}}]"}}, {"model": "admin.logentry", "pk": 77, "fields": {"action_time": "2018-07-29T18:58:51.955Z", "user": 1, "content_type": 8, "object_id": "f847a9a3-4270-4e3c-b0eb-0080472e44fb", "object_repr": "f847a9a3-4270-4e3c-b0eb-0080472e44fb (The Adventures of Sherlock Holmes)", "action_flag": 1, "change_message": "[{\"added\": {}}]"}}, {"model": "admin.logentry", "pk": 78, "fields": {"action_time": "2018-07-29T19:13:24.278Z", "user": 1, "content_type": 9, "object_id": "20", "object_repr": "The Adventures of Sherlock Holmes", "action_flag": 2, "change_message": "[{\"changed\": {\"fields\": [\"genre\"]}}]"}}, {"model": "admin.logentry", "pk": 79, "fields": {"action_time": "2018-07-29T19:13:28.837Z", "user": 1, "content_type": 9, "object_id": "19", "object_repr": "A Study in Scarlet", "action_flag": 2, "change_message": "[{\"changed\": {\"fields\": [\"genre\"]}}]"}}, {"model": "admin.logentry", "pk": 80, "fields": {"action_time": "2018-07-29T19:13:31.614Z", "user": 1, "content_type": 9, "object_id": "18", "object_repr": "The Hound of the Baskervilles", "action_flag": 2, "change_message": "[{\"changed\": {\"fields\": [\"genre\"]}}]"}}, {"model": "admin.logentry", "pk": 81, "fields": {"action_time": "2018-07-29T19:13:34.958Z", "user": 1, "content_type": 9, "object_id": "17", "object_repr": "The Girl Who Kicked the Hornet's Nest", "action_flag": 2, "change_message": "[{\"changed\": {\"fields\": [\"genre\"]}}]"}}, {"model": "admin.logentry", "pk": 82, "fields": {"action_time": "2018-07-29T19:13:38.387Z", "user": 1, "content_type": 9, "object_id": "16", "object_repr": "The Girl Who Played With Fire", "action_flag": 2, "change_message": "[{\"changed\": {\"fields\": [\"genre\"]}}]"}}, {"model": "admin.logentry", "pk": 83, "fields": {"action_time": "2018-07-29T19:13:41.619Z", "user": 1, "content_type": 9, "object_id": "15", "object_repr": "The Girl with the Dragon Tattoo", "action_flag": 2, "change_message": "[{\"changed\": {\"fields\": [\"genre\"]}}]"}}, {"model": "admin.logentry", "pk": 84, "fields": {"action_time": "2018-07-29T19:13:44.929Z", "user": 1, "content_type": 9, "object_id": "14", "object_repr": "Grant", "action_flag": 2, "change_message": "[{\"changed\": {\"fields\": [\"genre\"]}}]"}}, {"model": "admin.logentry", "pk": 85, "fields": {"action_time": "2018-07-29T19:13:49.332Z", "user": 1, "content_type": 9, "object_id": "13", "object_repr": "Eisenhower in War and Peace", "action_flag": 2, "change_message": "[{\"changed\": {\"fields\": [\"genre\"]}}]"}}, {"model": "admin.logentry", "pk": 86, "fields": {"action_time": "2018-07-29T19:13:52.166Z", "user": 1, "content_type": 9, "object_id": "12", "object_repr": "FDR", "action_flag": 2, "change_message": "[{\"changed\": {\"fields\": [\"genre\"]}}]"}}, {"model": "admin.logentry", "pk": 87, "fields": {"action_time": "2018-07-29T19:13:56.422Z", "user": 1, "content_type": 9, "object_id": "12", "object_repr": "FDR", "action_flag": 2, "change_message": "[]"}}, {"model": "admin.logentry", "pk": 88, "fields": {"action_time": "2018-07-29T19:13:59.897Z", "user": 1, "content_type": 9, "object_id": "11", "object_repr": "The Martian Chronicles", "action_flag": 2, "change_message": "[{\"changed\": {\"fields\": [\"genre\"]}}]"}}, {"model": "admin.logentry", "pk": 89, "fields": {"action_time": "2018-07-29T19:14:02.665Z", "user": 1, "content_type": 9, "object_id": "10", "object_repr": "1984", "action_flag": 2, "change_message": "[{\"changed\": {\"fields\": [\"genre\"]}}]"}}, {"model": "admin.logentry", "pk": 90, "fields": {"action_time": "2018-07-29T19:14:05.312Z", "user": 1, "content_type": 9, "object_id": "9", "object_repr": "Fahrenheit 451", "action_flag": 2, "change_message": "[{\"changed\": {\"fields\": [\"genre\"]}}]"}}, {"model": "admin.logentry", "pk": 91, "fields": {"action_time": "2018-07-29T19:14:08.539Z", "user": 1, "content_type": 9, "object_id": "8", "object_repr": "A Dance with Dragons: A Song of Ice and Fire: Book Five", "action_flag": 2, "change_message": "[{\"changed\": {\"fields\": [\"genre\"]}}]"}}, {"model": "admin.logentry", "pk": 92, "fields": {"action_time": "2018-07-29T19:14:12.027Z", "user": 1, "content_type": 9, "object_id": "7", "object_repr": "A Feast for Crows: A Song of Ice and Fire: Book Four", "action_flag": 2, "change_message": "[{\"changed\": {\"fields\": [\"genre\"]}}]"}}, {"model": "admin.logentry", "pk": 93, "fields": {"action_time": "2018-07-29T19:14:14.886Z", "user": 1, "content_type": 9, "object_id": "7", "object_repr": "A Feast for Crows: A Song of Ice and Fire: Book Four", "action_flag": 2, "change_message": "[]"}}, {"model": "admin.logentry", "pk": 94, "fields": {"action_time": "2018-07-29T19:14:19.499Z", "user": 1, "content_type": 9, "object_id": "5", "object_repr": "A Clash of Kings: A Song of Ice and Fire: Book Two", "action_flag": 2, "change_message": "[{\"changed\": {\"fields\": [\"genre\"]}}]"}}, {"model": "admin.logentry", "pk": 95, "fields": {"action_time": "2018-07-29T19:14:23.825Z", "user": 1, "content_type": 9, "object_id": "4", "object_repr": "A Game of Thrones: A Song of Ice and Fire: Book One", "action_flag": 2, "change_message": "[{\"changed\": {\"fields\": [\"genre\"]}}]"}}, {"model": "admin.logentry", "pk": 96, "fields": {"action_time": "2018-07-29T19:14:26.915Z", "user": 1, "content_type": 9, "object_id": "6", "object_repr": "A Storm of Swords: A Song of Ice and Fire: Book Three", "action_flag": 2, "change_message": "[{\"changed\": {\"fields\": [\"genre\"]}}]"}}, {"model": "admin.logentry", "pk": 97, "fields": {"action_time": "2018-07-29T19:14:31.071Z", "user": 1, "content_type": 9, "object_id": "3", "object_repr": "The Return Of The King", "action_flag": 2, "change_message": "[{\"changed\": {\"fields\": [\"genre\"]}}]"}}, {"model": "admin.logentry", "pk": 98, "fields": {"action_time": "2018-07-29T19:14:34.194Z", "user": 1, "content_type": 9, "object_id": "1", "object_repr": "The Fellowship Of The Ring", "action_flag": 2, "change_message": "[{\"changed\": {\"fields\": [\"genre\"]}}]"}}, {"model": "admin.logentry", "pk": 99, "fields": {"action_time": "2018-07-29T19:14:37.450Z", "user": 1, "content_type": 9, "object_id": "2", "object_repr": "The Two Towers", "action_flag": 2, "change_message": "[{\"changed\": {\"fields\": [\"genre\"]}}]"}}, {"model": "admin.logentry", "pk": 100, "fields": {"action_time": "2018-07-29T21:47:06.259Z", "user": 1, "content_type": 8, "object_id": "55bc9867-d633-4a0f-94a6-1905601b59c7", "object_repr": "55bc9867-d633-4a0f-94a6-1905601b59c7 (FDR)", "action_flag": 2, "change_message": "[{\"changed\": {\"fields\": [\"due_back\"]}}]"}}, {"model": "admin.logentry", "pk": 101, "fields": {"action_time": "2018-07-29T21:47:14.391Z", "user": 1, "content_type": 8, "object_id": "b29020ac-ede0-4d3d-bb24-c924ee03a7a0", "object_repr": "b29020ac-ede0-4d3d-bb24-c924ee03a7a0 (The Fellowship Of The Ring)", "action_flag": 2, "change_message": "[{\"changed\": {\"fields\": [\"due_back\"]}}]"}}, {"model": "admin.logentry", "pk": 102, "fields": {"action_time": "2018-07-29T21:47:22.982Z", "user": 1, "content_type": 8, "object_id": "266353f6-ae28-4d5e-8550-fc9c78aabddb", "object_repr": "266353f6-ae28-4d5e-8550-fc9c78aabddb (The Adventures of Sherlock Holmes)", "action_flag": 2, "change_message": "[{\"changed\": {\"fields\": [\"due_back\"]}}]"}}, {"model": "admin.logentry", "pk": 103, "fields": {"action_time": "2018-07-29T21:47:28.019Z", "user": 1, "content_type": 8, "object_id": "3aa72f78-8d45-40bf-8089-ddddab0bc0ce", "object_repr": "3aa72f78-8d45-40bf-8089-ddddab0bc0ce (The Fellowship Of The Ring)", "action_flag": 2, "change_message": "[{\"changed\": {\"fields\": [\"due_back\"]}}]"}}, {"model": "admin.logentry", "pk": 104, "fields": {"action_time": "2018-07-29T21:49:17.120Z", "user": 1, "content_type": 7, "object_id": "4", "object_repr": "Bradbury, Ray", "action_flag": 2, "change_message": "[]"}}, {"model": "admin.logentry", "pk": 105, "fields": {"action_time": "2018-07-29T21:49:20.536Z", "user": 1, "content_type": 7, "object_id": "4", "object_repr": "Bradbury, Ray", "action_flag": 2, "change_message": "[]"}}, {"model": "admin.logentry", "pk": 106, "fields": {"action_time": "2018-07-29T22:24:53.631Z", "user": 1, "content_type": 7, "object_id": "4", "object_repr": "Bradbury, Ray", "action_flag": 2, "change_message": "[]"}}, {"model": "admin.logentry", "pk": 107, "fields": {"action_time": "2018-07-29T22:24:56.865Z", "user": 1, "content_type": 7, "object_id": "4", "object_repr": "Bradbury, Ray", "action_flag": 2, "change_message": "[]"}}]